attention,delta,meditation,rawValue,theta,lowAlpha,highAlpha,lowBeta,highBeta,lowGamma,midGamma,poorSignal,blinkStrength,label
0,0,0,0,0,0,0,0,0,0,0,0,0,1
0,0,0,0,0,0,0,0,0,0,0,0,0,1
0,0,0,0,0,0,0,0,0,0,0,0,0,1
0,0,0,0,0,0,0,0,0,0,0,0,0,1
0,0,0,0,0,0,0,0,0,0,0,0,0,1
0,0,0,0,0,0,0,0,0,0,0,0,0,1
0,0,0,0,0,0,0,0,0,0,0,0,0,1
0,0,0,0,0,0,0,0,0,0,0,0,0,1
0,0,0,0,0,0,0,0,0,0,0,0,0,1
0,0,0,0,0,0,0,0,0,0,0,0,0,1
0,0,0,0,0,0,0,0,0,0,0,0,0,1
0,0,0,0,0,0,0,0,0,0,0,0,0,1
0,0,0,0,0,0,0,0,0,0,0,0,0,1
0,0,0,0,0,0,0,0,0,0,0,0,0,1
0,0,0,0,0,0,0,0,0,0,0,0,0,1
0,0,0,0,0,0,0,0,0,0,0,0,0,1
0,0,0,0,0,0,0,0,0,0,0,0,0,1
0,0,0,0,0,0,0,0,0,0,0,0,0,1
0,0,0,0,0,0,0,0,0,0,0,0,0,1
0,0,0,0,0,0,0,0,0,0,0,0,0,1
0,0,0,0,0,0,0,0,0,0,0,0,0,1
0,0,0,0,0,0,0,0,0,0,0,0,0,1
0,0,0,0,0,0,0,0,0,0,0,0,0,1
0,0,0,0,0,0,0,0,0,0,0,0,0,1
0,0,0,0,0,0,0,0,0,0,0,0,0,1
0,0,0,0,0,0,0,0,0,0,0,0,0,1
0,0,0,0,0,0,0,0,0,0,0,0,0,1
0,0,0,0,0,0,0,0,0,0,0,0,0,1
0,0,0,0,0,0,0,0,0,0,0,0,0,1
0,0,0,48,0,0,0,0,0,0,0,0,0,1
0,0,0,48,0,0,0,0,0,0,0,0,0,1
0,0,0,45,0,0,0,0,0,0,0,0,0,1
0,0,0,48,0,0,0,0,0,0,0,0,0,1
0,0,0,48,0,0,0,0,0,0,0,0,0,1
0,0,0,48,0,0,0,0,0,0,0,0,0,1
0,0,0,48,0,0,0,0,0,0,0,0,0,1
0,0,0,48,0,0,0,0,0,0,0,0,0,1
0,0,0,-266,0,0,0,0,0,0,0,0,0,1
0,0,0,2047,0,0,0,0,0,0,0,0,0,1
0,666242,0,1528,306963,494550,490866,177439,369924,198211,343975,51,0,1
0,666242,0,2047,306963,494550,490866,177439,369924,198211,343975,51,0,1
0,666242,0,-589,306963,494550,490866,177439,369924,198211,343975,51,0,1
0,666242,0,-419,306963,494550,490866,177439,369924,198211,343975,51,0,1
0,666242,0,1418,306963,494550,490866,177439,369924,198211,343975,51,0,1
0,666242,0,361,306963,494550,490866,177439,369924,198211,343975,51,0,1
0,666242,0,420,306963,494550,490866,177439,369924,198211,343975,51,0,1
0,666242,0,104,306963,494550,490866,177439,369924,198211,343975,51,0,1
0,666242,0,619,306963,494550,490866,177439,369924,198211,343975,51,0,1
0,666242,0,-1862,306963,494550,490866,177439,369924,198211,343975,51,0,1
0,548584,0,710,249796,168913,89333,65779,230281,104724,45124,51,0,1
0,548584,0,409,249796,168913,89333,65779,230281,104724,45124,51,0,1
0,548584,0,102,249796,168913,89333,65779,230281,104724,45124,51,0,1
0,548584,0,52,249796,168913,89333,65779,230281,104724,45124,51,0,1
0,548584,0,51,249796,168913,89333,65779,230281,104724,45124,51,0,1
0,548584,0,-2048,249796,168913,89333,65779,230281,104724,45124,51,0,1
0,548584,0,2047,249796,168913,89333,65779,230281,104724,45124,51,0,1
0,548584,0,-2048,249796,168913,89333,65779,230281,104724,45124,51,0,1
0,548584,0,2047,249796,168913,89333,65779,230281,104724,45124,51,0,1
0,548584,0,1861,249796,168913,89333,65779,230281,104724,45124,51,0,1
0,1359728,0,675,2293237,617997,200744,353382,397405,255786,184299,51,0,1
0,1359728,0,741,2293237,617997,200744,353382,397405,255786,184299,51,0,1
0,1359728,0,-2048,2293237,617997,200744,353382,397405,255786,184299,51,0,1
0,1359728,0,1145,2293237,617997,200744,353382,397405,255786,184299,51,0,1
0,1359728,0,1041,2293237,617997,200744,353382,397405,255786,184299,51,0,1
0,1359728,0,-441,2293237,617997,200744,353382,397405,255786,184299,51,0,1
0,1359728,0,324,2293237,617997,200744,353382,397405,255786,184299,51,0,1
0,1359728,0,2047,2293237,617997,200744,353382,397405,255786,184299,51,0,1
0,1359728,0,633,2293237,617997,200744,353382,397405,255786,184299,51,0,1
0,1359728,0,-2048,2293237,617997,200744,353382,397405,255786,184299,51,0,1
0,1312513,0,-477,296680,193086,83186,231955,92792,36268,46224,51,0,1
0,1312513,0,-37,296680,193086,83186,231955,92792,36268,46224,51,0,1
0,1312513,0,1611,296680,193086,83186,231955,92792,36268,46224,51,0,1
0,1312513,0,289,296680,193086,83186,231955,92792,36268,46224,51,0,1
0,1312513,0,1910,296680,193086,83186,231955,92792,36268,46224,51,0,1
0,1312513,0,809,296680,193086,83186,231955,92792,36268,46224,51,0,1
0,1312513,0,210,296680,193086,83186,231955,92792,36268,46224,51,0,1
0,1312513,0,1250,296680,193086,83186,231955,92792,36268,46224,51,0,1
0,1312513,0,-2048,296680,193086,83186,231955,92792,36268,46224,51,0,1
0,1312513,0,-580,296680,193086,83186,231955,92792,36268,46224,51,0,1
0,1222597,0,1904,797490,84223,65145,63359,48994,82264,44882,80,0,1
0,1222597,0,933,797490,84223,65145,63359,48994,82264,44882,80,0,1
0,1222597,0,194,797490,84223,65145,63359,48994,82264,44882,80,0,1
0,1222597,0,-1645,797490,84223,65145,63359,48994,82264,44882,80,0,1
0,1222597,0,2047,797490,84223,65145,63359,48994,82264,44882,80,0,1
0,1222597,0,1155,797490,84223,65145,63359,48994,82264,44882,80,0,1
0,1222597,0,102,797490,84223,65145,63359,48994,82264,44882,80,0,1
0,1222597,0,54,797490,84223,65145,63359,48994,82264,44882,80,0,1
0,1222597,0,-2048,797490,84223,65145,63359,48994,82264,44882,80,0,1
0,2940628,0,-1148,1169406,159385,49836,386636,511791,457975,302463,80,0,1
0,2940628,0,1689,1169406,159385,49836,386636,511791,457975,302463,80,0,1
0,2940628,0,-2048,1169406,159385,49836,386636,511791,457975,302463,80,0,1
0,2940628,0,-1499,1169406,159385,49836,386636,511791,457975,302463,80,0,1
0,2940628,0,780,1169406,159385,49836,386636,511791,457975,302463,80,0,1
0,2940628,0,-1549,1169406,159385,49836,386636,511791,457975,302463,80,0,1
0,2940628,0,2047,1169406,159385,49836,386636,511791,457975,302463,80,0,1
0,2940628,0,-668,1169406,159385,49836,386636,511791,457975,302463,80,0,1
0,2940628,0,-2048,1169406,159385,49836,386636,511791,457975,302463,80,0,1
0,2940628,0,-2048,1169406,159385,49836,386636,511791,457975,302463,80,0,1
0,2940628,0,2047,1169406,159385,49836,386636,511791,457975,302463,80,0,1
0,561622,0,-1656,380656,214005,43326,55622,325958,645980,249595,80,0,1
0,561622,0,826,380656,214005,43326,55622,325958,645980,249595,80,0,1
0,561622,0,132,380656,214005,43326,55622,325958,645980,249595,80,0,1
0,561622,0,-386,380656,214005,43326,55622,325958,645980,249595,80,0,1
0,561622,0,-2048,380656,214005,43326,55622,325958,645980,249595,80,0,1
0,561622,0,-1500,380656,214005,43326,55622,325958,645980,249595,80,0,1
0,561622,0,-500,380656,214005,43326,55622,325958,645980,249595,80,0,1
0,561622,0,-40,380656,214005,43326,55622,325958,645980,249595,80,0,1
0,561622,0,35,380656,214005,43326,55622,325958,645980,249595,80,0,1
0,561622,0,2047,380656,214005,43326,55622,325958,645980,249595,80,0,1
0,845420,0,-1077,219819,224217,189788,136996,103001,85761,71478,80,0,1
0,845420,0,874,219819,224217,189788,136996,103001,85761,71478,80,0,1
0,845420,0,-1226,219819,224217,189788,136996,103001,85761,71478,80,0,1
0,845420,0,2047,219819,224217,189788,136996,103001,85761,71478,80,0,1
0,845420,0,-520,219819,224217,189788,136996,103001,85761,71478,80,0,1
0,845420,0,2047,219819,224217,189788,136996,103001,85761,71478,80,0,1
0,845420,0,1144,219819,224217,189788,136996,103001,85761,71478,80,0,1
0,845420,0,657,219819,224217,189788,136996,103001,85761,71478,80,0,1
0,845420,0,2047,219819,224217,189788,136996,103001,85761,71478,80,0,1
0,487845,0,1162,257002,563097,128504,55969,211105,125239,113473,80,0,1
0,487845,0,-2048,257002,563097,128504,55969,211105,125239,113473,80,0,1
0,487845,0,666,257002,563097,128504,55969,211105,125239,113473,80,0,1
0,487845,0,-123,257002,563097,128504,55969,211105,125239,113473,80,0,1
0,487845,0,-2048,257002,563097,128504,55969,211105,125239,113473,80,0,1
0,487845,0,2047,257002,563097,128504,55969,211105,125239,113473,80,0,1
0,487845,0,741,257002,563097,128504,55969,211105,125239,113473,80,0,1
0,487845,0,-2048,257002,563097,128504,55969,211105,125239,113473,80,0,1
0,487845,0,945,257002,563097,128504,55969,211105,125239,113473,80,0,1
0,487845,0,2005,257002,563097,128504,55969,211105,125239,113473,80,0,1
0,296829,0,-1633,109919,7565,37508,47763,37655,20142,23491,80,0,1
0,296829,0,2047,109919,7565,37508,47763,37655,20142,23491,80,0,1
0,296829,0,-1465,109919,7565,37508,47763,37655,20142,23491,80,0,1
0,296829,0,1958,109919,7565,37508,47763,37655,20142,23491,80,0,1
0,296829,0,1314,109919,7565,37508,47763,37655,20142,23491,80,0,1
0,296829,0,-2048,109919,7565,37508,47763,37655,20142,23491,80,0,1
0,296829,0,1072,109919,7565,37508,47763,37655,20142,23491,80,0,1
0,296829,0,1451,109919,7565,37508,47763,37655,20142,23491,80,0,1
0,296829,0,-568,109919,7565,37508,47763,37655,20142,23491,80,0,1
0,296829,0,-2048,109919,7565,37508,47763,37655,20142,23491,80,0,1
0,147113,0,1208,101670,20266,16801,58442,48920,47481,27463,80,0,1
0,147113,0,-1357,101670,20266,16801,58442,48920,47481,27463,80,0,1
0,147113,0,-338,101670,20266,16801,58442,48920,47481,27463,80,0,1
0,147113,0,-1811,101670,20266,16801,58442,48920,47481,27463,80,0,1
0,147113,0,1129,101670,20266,16801,58442,48920,47481,27463,80,0,1
0,147113,0,1239,101670,20266,16801,58442,48920,47481,27463,80,0,1
0,147113,0,-1844,101670,20266,16801,58442,48920,47481,27463,80,0,1
0,147113,0,1172,101670,20266,16801,58442,48920,47481,27463,80,0,1
0,147113,0,220,101670,20266,16801,58442,48920,47481,27463,80,0,1
0,147113,0,68,101670,20266,16801,58442,48920,47481,27463,80,0,1
0,719972,0,19,127106,24389,10798,61762,95531,135805,45641,200,0,1
0,719972,0,624,127106,24389,10798,61762,95531,135805,45641,200,0,1
0,719972,0,-625,127106,24389,10798,61762,95531,135805,45641,200,0,1
0,719972,0,-1035,127106,24389,10798,61762,95531,135805,45641,200,0,1
0,719972,0,-184,127106,24389,10798,61762,95531,135805,45641,200,0,1
0,719972,0,1733,127106,24389,10798,61762,95531,135805,45641,200,0,1
0,719972,0,308,127106,24389,10798,61762,95531,135805,45641,200,0,1
0,719972,0,-2048,127106,24389,10798,61762,95531,135805,45641,200,0,1
0,719972,0,-2048,127106,24389,10798,61762,95531,135805,45641,200,0,1
0,719972,0,-402,127106,24389,10798,61762,95531,135805,45641,200,0,1
0,1428186,0,2047,940223,88198,928023,425951,318845,130619,146539,80,0,1
0,1428186,0,2047,940223,88198,928023,425951,318845,130619,146539,80,0,1
0,1428186,0,1985,940223,88198,928023,425951,318845,130619,146539,80,0,1
0,1428186,0,2047,940223,88198,928023,425951,318845,130619,146539,80,0,1
0,1428186,0,489,940223,88198,928023,425951,318845,130619,146539,80,0,1
0,1428186,0,-2048,940223,88198,928023,425951,318845,130619,146539,80,0,1
0,1428186,0,-524,940223,88198,928023,425951,318845,130619,146539,80,0,1
0,1428186,0,2047,940223,88198,928023,425951,318845,130619,146539,80,0,1
0,1428186,0,548,940223,88198,928023,425951,318845,130619,146539,80,0,1
0,1428186,0,123,940223,88198,928023,425951,318845,130619,146539,80,0,1
0,925981,0,274,37580,50480,209077,91791,196660,133333,67386,80,0,1
0,925981,0,226,37580,50480,209077,91791,196660,133333,67386,80,0,1
0,925981,0,1910,37580,50480,209077,91791,196660,133333,67386,80,0,1
0,925981,0,-489,37580,50480,209077,91791,196660,133333,67386,80,0,1
0,925981,0,-2048,37580,50480,209077,91791,196660,133333,67386,80,0,1
0,925981,0,2047,37580,50480,209077,91791,196660,133333,67386,80,0,1
0,925981,0,-441,37580,50480,209077,91791,196660,133333,67386,80,0,1
0,925981,0,-27,37580,50480,209077,91791,196660,133333,67386,80,0,1
0,925981,0,35,37580,50480,209077,91791,196660,133333,67386,80,0,1
0,925981,0,49,37580,50480,209077,91791,196660,133333,67386,80,0,1
0,45285,0,2047,58135,24764,30353,33551,21170,15887,9546,80,0,1
0,45285,0,-2048,58135,24764,30353,33551,21170,15887,9546,80,0,1
0,45285,0,-382,58135,24764,30353,33551,21170,15887,9546,80,0,1
0,45285,0,-1542,58135,24764,30353,33551,21170,15887,9546,80,0,1
0,45285,0,2047,58135,24764,30353,33551,21170,15887,9546,80,0,1
0,45285,0,761,58135,24764,30353,33551,21170,15887,9546,80,0,1
0,45285,0,444,58135,24764,30353,33551,21170,15887,9546,80,0,1
0,45285,0,-2048,58135,24764,30353,33551,21170,15887,9546,80,0,1
0,45285,0,1657,58135,24764,30353,33551,21170,15887,9546,80,0,1
0,45285,0,289,58135,24764,30353,33551,21170,15887,9546,80,0,1
0,157613,0,92,242220,72195,55998,60535,121556,62824,144501,80,0,1
0,157613,0,57,242220,72195,55998,60535,121556,62824,144501,80,0,1
0,157613,0,-2048,242220,72195,55998,60535,121556,62824,144501,80,0,1
0,157613,0,1160,242220,72195,55998,60535,121556,62824,144501,80,0,1
0,157613,0,221,242220,72195,55998,60535,121556,62824,144501,80,0,1
0,157613,0,282,242220,72195,55998,60535,121556,62824,144501,80,0,1
0,157613,0,-2048,242220,72195,55998,60535,121556,62824,144501,80,0,1
0,157613,0,2047,242220,72195,55998,60535,121556,62824,144501,80,0,1
0,157613,0,891,242220,72195,55998,60535,121556,62824,144501,80,0,1
0,157613,0,1648,242220,72195,55998,60535,121556,62824,144501,80,0,1
0,256317,0,1837,21065,36300,2168,18837,32106,7904,14528,80,0,1
0,256317,0,242,21065,36300,2168,18837,32106,7904,14528,80,0,1
0,256317,0,-1459,21065,36300,2168,18837,32106,7904,14528,80,0,1
0,256317,0,-1355,21065,36300,2168,18837,32106,7904,14528,80,0,1
0,256317,0,-772,21065,36300,2168,18837,32106,7904,14528,80,0,1
0,256317,0,-1542,21065,36300,2168,18837,32106,7904,14528,80,0,1
0,256317,0,1809,21065,36300,2168,18837,32106,7904,14528,80,0,1
0,256317,0,1508,21065,36300,2168,18837,32106,7904,14528,80,0,1
0,256317,0,784,21065,36300,2168,18837,32106,7904,14528,80,0,1
0,256317,0,-2048,21065,36300,2168,18837,32106,7904,14528,80,0,1
0,217792,0,-923,85855,19032,29333,29363,55333,65215,39918,80,0,1
0,217792,0,-578,85855,19032,29333,29363,55333,65215,39918,80,0,1
0,217792,0,956,85855,19032,29333,29363,55333,65215,39918,80,0,1
0,217792,0,-609,85855,19032,29333,29363,55333,65215,39918,80,0,1
0,217792,0,163,85855,19032,29333,29363,55333,65215,39918,80,0,1
0,217792,0,71,85855,19032,29333,29363,55333,65215,39918,80,0,1
0,217792,0,1707,85855,19032,29333,29363,55333,65215,39918,80,0,1
0,217792,0,704,85855,19032,29333,29363,55333,65215,39918,80,0,1
0,217792,0,124,85855,19032,29333,29363,55333,65215,39918,80,0,1
0,217792,0,2047,85855,19032,29333,29363,55333,65215,39918,80,0,1
0,805125,0,-652,96858,30777,19296,120334,146934,44296,19605,200,0,1
0,805125,0,2047,96858,30777,19296,120334,146934,44296,19605,200,0,1
0,805125,0,712,96858,30777,19296,120334,146934,44296,19605,200,0,1
0,805125,0,122,96858,30777,19296,120334,146934,44296,19605,200,0,1
0,805125,0,327,96858,30777,19296,120334,146934,44296,19605,200,0,1
0,805125,0,96,96858,30777,19296,120334,146934,44296,19605,200,0,1
0,805125,0,-49,96858,30777,19296,120334,146934,44296,19605,200,0,1
0,805125,0,428,96858,30777,19296,120334,146934,44296,19605,200,0,1
0,805125,0,-502,96858,30777,19296,120334,146934,44296,19605,200,0,1
0,2024035,0,48,315567,196906,277690,156816,228956,259878,107111,200,0,1
0,2024035,0,515,315567,196906,277690,156816,228956,259878,107111,200,0,1
0,2024035,0,224,315567,196906,277690,156816,228956,259878,107111,200,0,1
0,2024035,0,444,315567,196906,277690,156816,228956,259878,107111,200,0,1
0,2024035,0,333,315567,196906,277690,156816,228956,259878,107111,200,0,1
0,2024035,0,2047,315567,196906,277690,156816,228956,259878,107111,200,0,1
0,2024035,0,538,315567,196906,277690,156816,228956,259878,107111,200,0,1
0,2024035,0,1269,315567,196906,277690,156816,228956,259878,107111,200,0,1
0,2024035,0,257,315567,196906,277690,156816,228956,259878,107111,200,0,1
0,2024035,0,1893,315567,196906,277690,156816,228956,259878,107111,200,0,1
0,2024035,0,2047,315567,196906,277690,156816,228956,259878,107111,200,0,1
0,1541192,0,1996,316681,84594,58949,94125,98788,44809,74572,200,0,1
0,1541192,0,768,316681,84594,58949,94125,98788,44809,74572,200,0,1
0,1541192,0,128,316681,84594,58949,94125,98788,44809,74572,200,0,1
0,1541192,0,-1066,316681,84594,58949,94125,98788,44809,74572,200,0,1
0,1541192,0,1139,316681,84594,58949,94125,98788,44809,74572,200,0,1
0,1541192,0,752,316681,84594,58949,94125,98788,44809,74572,200,0,1
0,1541192,0,1239,316681,84594,58949,94125,98788,44809,74572,200,0,1
0,1541192,0,2047,316681,84594,58949,94125,98788,44809,74572,200,0,1
0,1541192,0,-1657,316681,84594,58949,94125,98788,44809,74572,200,0,1
0,1541192,0,-197,316681,84594,58949,94125,98788,44809,74572,200,0,1
0,1856496,0,923,105240,3360,84226,55400,65195,245035,76230,80,0,1
0,1856496,0,-2048,105240,3360,84226,55400,65195,245035,76230,80,0,1
0,1856496,0,-1644,105240,3360,84226,55400,65195,245035,76230,80,0,1
0,1856496,0,865,105240,3360,84226,55400,65195,245035,76230,80,0,1
0,1856496,0,1362,105240,3360,84226,55400,65195,245035,76230,80,0,1
0,1856496,0,-1461,105240,3360,84226,55400,65195,245035,76230,80,0,1
0,1856496,0,1687,105240,3360,84226,55400,65195,245035,76230,80,0,1
0,1856496,0,1304,105240,3360,84226,55400,65195,245035,76230,80,0,1
0,1856496,0,1431,105240,3360,84226,55400,65195,245035,76230,80,0,1
0,1913469,0,1052,421701,48488,207060,179963,326813,100676,113203,80,0,1
0,1913469,0,-609,421701,48488,207060,179963,326813,100676,113203,80,0,1
0,1913469,0,-230,421701,48488,207060,179963,326813,100676,113203,80,0,1
0,1913469,0,-1051,421701,48488,207060,179963,326813,100676,113203,80,0,1
0,1913469,0,-964,421701,48488,207060,179963,326813,100676,113203,80,0,1
0,1913469,0,1116,421701,48488,207060,179963,326813,100676,113203,80,0,1
0,1913469,0,-2022,421701,48488,207060,179963,326813,100676,113203,80,0,1
0,1913469,0,1108,421701,48488,207060,179963,326813,100676,113203,80,0,1
0,1913469,0,247,421701,48488,207060,179963,326813,100676,113203,80,0,1
0,1913469,0,-1017,421701,48488,207060,179963,326813,100676,113203,80,0,1
0,950490,0,630,161579,143436,82751,133460,140959,247628,126772,80,0,1
0,950490,0,-2048,161579,143436,82751,133460,140959,247628,126772,80,0,1
0,950490,0,1911,161579,143436,82751,133460,140959,247628,126772,80,0,1
0,950490,0,660,161579,143436,82751,133460,140959,247628,126772,80,0,1
0,950490,0,-1427,161579,143436,82751,133460,140959,247628,126772,80,0,1
0,950490,0,584,161579,143436,82751,133460,140959,247628,126772,80,0,1
0,950490,0,1495,161579,143436,82751,133460,140959,247628,126772,80,0,1
0,950490,0,-641,161579,143436,82751,133460,140959,247628,126772,80,0,1
0,950490,0,1997,161579,143436,82751,133460,140959,247628,126772,80,0,1
0,950490,0,251,161579,143436,82751,133460,140959,247628,126772,80,0,1
0,1526807,0,-2048,239107,39423,65969,110798,140741,72586,43133,80,0,1
0,1526807,0,1257,239107,39423,65969,110798,140741,72586,43133,80,0,1
0,1526807,0,327,239107,39423,65969,110798,140741,72586,43133,80,0,1
0,1526807,0,325,239107,39423,65969,110798,140741,72586,43133,80,0,1
0,1526807,0,-769,239107,39423,65969,110798,140741,72586,43133,80,0,1
0,1526807,0,-2048,239107,39423,65969,110798,140741,72586,43133,80,0,1
0,1526807,0,-828,239107,39423,65969,110798,140741,72586,43133,80,0,1
0,1526807,0,-87,239107,39423,65969,110798,140741,72586,43133,80,0,1
0,1526807,0,20,239107,39423,65969,110798,140741,72586,43133,80,0,1
0,1526807,0,-990,239107,39423,65969,110798,140741,72586,43133,80,0,1
0,49160,0,2047,25717,53661,66355,49967,40528,32304,15736,80,0,1
0,49160,0,-2048,25717,53661,66355,49967,40528,32304,15736,80,0,1
0,49160,0,-692,25717,53661,66355,49967,40528,32304,15736,80,0,1
0,49160,0,2047,25717,53661,66355,49967,40528,32304,15736,80,0,1
0,49160,0,454,25717,53661,66355,49967,40528,32304,15736,80,0,1
0,49160,0,107,25717,53661,66355,49967,40528,32304,15736,80,0,1
0,49160,0,-523,25717,53661,66355,49967,40528,32304,15736,80,0,1
0,49160,0,969,25717,53661,66355,49967,40528,32304,15736,80,0,1
0,49160,0,324,25717,53661,66355,49967,40528,32304,15736,80,0,1
0,49160,0,-908,25717,53661,66355,49967,40528,32304,15736,80,0,1
0,791685,0,-1803,354463,39619,82226,42166,159399,139053,56180,80,0,1
0,791685,0,1238,354463,39619,82226,42166,159399,139053,56180,80,0,1
0,791685,0,2047,354463,39619,82226,42166,159399,139053,56180,80,0,1
0,791685,0,-2048,354463,39619,82226,42166,159399,139053,56180,80,0,1
0,791685,0,1243,354463,39619,82226,42166,159399,139053,56180,80,0,1
0,791685,0,235,354463,39619,82226,42166,159399,139053,56180,80,0,1
0,791685,0,74,354463,39619,82226,42166,159399,139053,56180,80,0,1
0,791685,0,52,354463,39619,82226,42166,159399,139053,56180,80,0,1
0,791685,0,-1518,354463,39619,82226,42166,159399,139053,56180,80,0,1
0,791685,0,-1820,354463,39619,82226,42166,159399,139053,56180,80,0,1
0,555653,0,-311,12051,5493,20181,36212,28120,19260,13753,51,0,1
0,555653,0,149,12051,5493,20181,36212,28120,19260,13753,51,0,1
0,555653,0,-2048,12051,5493,20181,36212,28120,19260,13753,51,0,1
0,555653,0,-2048,12051,5493,20181,36212,28120,19260,13753,51,0,1
0,555653,0,440,12051,5493,20181,36212,28120,19260,13753,51,0,1
0,555653,0,-2048,12051,5493,20181,36212,28120,19260,13753,51,0,1
0,555653,0,2047,12051,5493,20181,36212,28120,19260,13753,51,0,1
0,555653,0,-1796,12051,5493,20181,36212,28120,19260,13753,51,0,1
0,555653,0,2043,12051,5493,20181,36212,28120,19260,13753,51,0,1
0,555653,0,1988,12051,5493,20181,36212,28120,19260,13753,51,0,1
0,99658,0,-1006,29302,37012,31751,48010,40153,57637,13436,51,0,1
0,99658,0,743,29302,37012,31751,48010,40153,57637,13436,51,0,1
0,99658,0,1556,29302,37012,31751,48010,40153,57637,13436,51,0,1
0,99658,0,2047,29302,37012,31751,48010,40153,57637,13436,51,0,1
0,99658,0,-1751,29302,37012,31751,48010,40153,57637,13436,51,0,1
0,99658,0,204,29302,37012,31751,48010,40153,57637,13436,51,0,1
0,99658,0,-2048,29302,37012,31751,48010,40153,57637,13436,51,0,1
0,99658,0,-1466,29302,37012,31751,48010,40153,57637,13436,51,0,1
0,99658,0,-2048,29302,37012,31751,48010,40153,57637,13436,51,0,1
0,99658,0,-804,29302,37012,31751,48010,40153,57637,13436,51,0,1
0,400646,0,-114,630100,154888,92550,132819,265113,257980,171687,51,0,1
0,400646,0,-163,630100,154888,92550,132819,265113,257980,171687,51,0,1
0,400646,0,-1586,630100,154888,92550,132819,265113,257980,171687,51,0,1
0,400646,0,-1117,630100,154888,92550,132819,265113,257980,171687,51,0,1
0,400646,0,2047,630100,154888,92550,132819,265113,257980,171687,51,0,1
0,400646,0,-1277,630100,154888,92550,132819,265113,257980,171687,51,0,1
0,400646,0,-1821,630100,154888,92550,132819,265113,257980,171687,51,0,1
0,400646,0,-233,630100,154888,92550,132819,265113,257980,171687,51,0,1
0,400646,0,2047,630100,154888,92550,132819,265113,257980,171687,51,0,1
0,400646,0,1168,630100,154888,92550,132819,265113,257980,171687,51,0,1
0,424951,0,-2048,422640,100919,87220,43971,61076,64816,65520,26,0,1
0,424951,0,1331,422640,100919,87220,43971,61076,64816,65520,26,0,1
0,424951,0,987,422640,100919,87220,43971,61076,64816,65520,26,0,1
0,424951,0,-1478,422640,100919,87220,43971,61076,64816,65520,26,0,1
0,424951,0,2047,422640,100919,87220,43971,61076,64816,65520,26,0,1
0,424951,0,392,422640,100919,87220,43971,61076,64816,65520,26,0,1
0,424951,0,-789,422640,100919,87220,43971,61076,64816,65520,26,0,1
0,424951,0,2047,422640,100919,87220,43971,61076,64816,65520,26,0,1
0,424951,0,-1468,422640,100919,87220,43971,61076,64816,65520,26,0,1
0,424951,0,1305,422640,100919,87220,43971,61076,64816,65520,26,0,1
0,578115,0,1221,405579,68089,25413,226182,194612,302322,99185,51,0,1
0,578115,0,-1944,405579,68089,25413,226182,194612,302322,99185,51,0,1
0,578115,0,1684,405579,68089,25413,226182,194612,302322,99185,51,0,1
0,578115,0,-2022,405579,68089,25413,226182,194612,302322,99185,51,0,1
0,578115,0,134,405579,68089,25413,226182,194612,302322,99185,51,0,1
0,578115,0,-118,405579,68089,25413,226182,194612,302322,99185,51,0,1
0,578115,0,-1797,405579,68089,25413,226182,194612,302322,99185,51,0,1
0,578115,0,-2048,405579,68089,25413,226182,194612,302322,99185,51,0,1
0,578115,0,-2048,405579,68089,25413,226182,194612,302322,99185,51,0,1
0,578115,0,2047,405579,68089,25413,226182,194612,302322,99185,51,0,1
0,977511,0,561,1013570,1131759,739884,410517,1075032,556480,320635,51,0,1
0,977511,0,1828,1013570,1131759,739884,410517,1075032,556480,320635,51,0,1
0,977511,0,-2033,1013570,1131759,739884,410517,1075032,556480,320635,51,0,1
0,977511,0,2047,1013570,1131759,739884,410517,1075032,556480,320635,51,0,1
0,977511,0,785,1013570,1131759,739884,410517,1075032,556480,320635,51,0,1
0,977511,0,396,1013570,1131759,739884,410517,1075032,556480,320635,51,0,1
0,977511,0,233,1013570,1131759,739884,410517,1075032,556480,320635,51,0,1
0,977511,0,-613,1013570,1131759,739884,410517,1075032,556480,320635,51,0,1
0,977511,0,2047,1013570,1131759,739884,410517,1075032,556480,320635,51,0,1
0,977511,0,-1321,1013570,1131759,739884,410517,1075032,556480,320635,51,0,1
0,427446,0,1171,100857,111717,212523,189798,95166,118293,85339,51,0,1
0,427446,0,-1430,100857,111717,212523,189798,95166,118293,85339,51,0,1
0,427446,0,1554,100857,111717,212523,189798,95166,118293,85339,51,0,1
0,427446,0,1394,100857,111717,212523,189798,95166,118293,85339,51,0,1
0,427446,0,-1467,100857,111717,212523,189798,95166,118293,85339,51,0,1
0,427446,0,-2046,100857,111717,212523,189798,95166,118293,85339,51,0,1
0,427446,0,-2048,100857,111717,212523,189798,95166,118293,85339,51,0,1
0,427446,0,-2048,100857,111717,212523,189798,95166,118293,85339,51,0,1
0,427446,0,2047,100857,111717,212523,189798,95166,118293,85339,51,0,1
0,1657412,0,2047,327756,537325,56344,52015,85555,90496,119983,51,0,1
0,1657412,0,1158,327756,537325,56344,52015,85555,90496,119983,51,0,1
0,1657412,0,180,327756,537325,56344,52015,85555,90496,119983,51,0,1
0,1657412,0,764,327756,537325,56344,52015,85555,90496,119983,51,0,1
0,1657412,0,1546,327756,537325,56344,52015,85555,90496,119983,51,0,1
0,1657412,0,-2048,327756,537325,56344,52015,85555,90496,119983,51,0,1
0,1657412,0,369,327756,537325,56344,52015,85555,90496,119983,51,0,1
0,1657412,0,2047,327756,537325,56344,52015,85555,90496,119983,51,0,1
0,1657412,0,279,327756,537325,56344,52015,85555,90496,119983,51,0,1
0,1657412,0,86,327756,537325,56344,52015,85555,90496,119983,51,0,1
0,1206738,0,-1993,165483,100535,152004,64128,115210,65671,94261,51,0,1
0,1206738,0,1786,165483,100535,152004,64128,115210,65671,94261,51,0,1
0,1206738,0,512,165483,100535,152004,64128,115210,65671,94261,51,0,1
0,1206738,0,-947,165483,100535,152004,64128,115210,65671,94261,51,0,1
0,1206738,0,-1624,165483,100535,152004,64128,115210,65671,94261,51,0,1
0,1206738,0,-154,165483,100535,152004,64128,115210,65671,94261,51,0,1
0,1206738,0,2041,165483,100535,152004,64128,115210,65671,94261,51,0,1
0,1206738,0,1843,165483,100535,152004,64128,115210,65671,94261,51,0,1
0,1206738,0,356,165483,100535,152004,64128,115210,65671,94261,51,0,1
0,1206738,0,189,165483,100535,152004,64128,115210,65671,94261,51,0,1
0,888825,0,214,57617,48780,144291,47265,56702,80834,94124,51,0,1
0,888825,0,965,57617,48780,144291,47265,56702,80834,94124,51,0,1
0,888825,0,-1849,57617,48780,144291,47265,56702,80834,94124,51,0,1
0,888825,0,-1769,57617,48780,144291,47265,56702,80834,94124,51,0,1
0,888825,0,-1559,57617,48780,144291,47265,56702,80834,94124,51,0,1
0,888825,0,1515,57617,48780,144291,47265,56702,80834,94124,51,0,1
0,888825,0,2047,57617,48780,144291,47265,56702,80834,94124,51,0,1
0,888825,0,2047,57617,48780,144291,47265,56702,80834,94124,51,0,1
0,888825,0,1040,57617,48780,144291,47265,56702,80834,94124,51,0,1
0,888825,0,-717,57617,48780,144291,47265,56702,80834,94124,51,0,1
0,2287437,0,1612,1453861,643680,365414,622057,698304,522636,254270,51,0,1
0,2287437,0,522,1453861,643680,365414,622057,698304,522636,254270,51,0,1
0,2287437,0,1910,1453861,643680,365414,622057,698304,522636,254270,51,0,1
0,2287437,0,156,1453861,643680,365414,622057,698304,522636,254270,51,0,1
0,2287437,0,1080,1453861,643680,365414,622057,698304,522636,254270,51,0,1
0,2287437,0,-2048,1453861,643680,365414,622057,698304,522636,254270,51,0,1
0,2287437,0,1304,1453861,643680,365414,622057,698304,522636,254270,51,0,1
0,2287437,0,2047,1453861,643680,365414,622057,698304,522636,254270,51,0,1
0,2287437,0,626,1453861,643680,365414,622057,698304,522636,254270,51,0,1
0,2287437,0,-2048,1453861,643680,365414,622057,698304,522636,254270,51,0,1
0,628863,0,-761,93614,47260,128451,115821,197912,201604,194090,51,0,1
0,628863,0,-513,93614,47260,128451,115821,197912,201604,194090,51,0,1
0,628863,0,-690,93614,47260,128451,115821,197912,201604,194090,51,0,1
0,628863,0,-690,93614,47260,128451,115821,197912,201604,194090,51,0,1
0,628863,0,-1387,93614,47260,128451,115821,197912,201604,194090,51,0,1
0,628863,0,2047,93614,47260,128451,115821,197912,201604,194090,51,0,1
0,628863,0,955,93614,47260,128451,115821,197912,201604,194090,51,0,1
0,628863,0,-86,93614,47260,128451,115821,197912,201604,194090,51,0,1
0,628863,0,-2048,93614,47260,128451,115821,197912,201604,194090,51,0,1
0,628863,0,-1516,93614,47260,128451,115821,197912,201604,194090,51,0,1
0,1139972,0,1626,646128,187294,199376,142763,272075,184855,138543,51,0,1
0,1139972,0,395,646128,187294,199376,142763,272075,184855,138543,51,0,1
0,1139972,0,-2048,646128,187294,199376,142763,272075,184855,138543,51,0,1
0,1139972,0,-185,646128,187294,199376,142763,272075,184855,138543,51,0,1
0,1139972,0,10,646128,187294,199376,142763,272075,184855,138543,51,0,1
0,1139972,0,1845,646128,187294,199376,142763,272075,184855,138543,51,0,1
0,1139972,0,2047,646128,187294,199376,142763,272075,184855,138543,51,0,1
0,1139972,0,2047,646128,187294,199376,142763,272075,184855,138543,51,0,1
0,1139972,0,1705,646128,187294,199376,142763,272075,184855,138543,51,0,1
0,1139972,0,785,646128,187294,199376,142763,272075,184855,138543,51,0,1
0,1787409,0,1154,80364,218933,37964,94971,177462,62918,102943,51,0,1
0,1787409,0,2047,80364,218933,37964,94971,177462,62918,102943,51,0,1
0,1787409,0,498,80364,218933,37964,94971,177462,62918,102943,51,0,1
0,1787409,0,129,80364,218933,37964,94971,177462,62918,102943,51,0,1
0,1787409,0,-1309,80364,218933,37964,94971,177462,62918,102943,51,0,1
0,1787409,0,-269,80364,218933,37964,94971,177462,62918,102943,51,0,1
0,1787409,0,-278,80364,218933,37964,94971,177462,62918,102943,51,0,1
0,1787409,0,1170,80364,218933,37964,94971,177462,62918,102943,51,0,1
0,1787409,0,467,80364,218933,37964,94971,177462,62918,102943,51,0,1
0,1787409,0,1124,80364,218933,37964,94971,177462,62918,102943,51,0,1
0,238680,0,-505,31999,4748,19030,15762,27011,12384,20846,51,0,1
0,238680,0,2047,31999,4748,19030,15762,27011,12384,20846,51,0,1
0,238680,0,1609,31999,4748,19030,15762,27011,12384,20846,51,0,1
0,238680,0,192,31999,4748,19030,15762,27011,12384,20846,51,0,1
0,238680,0,-1234,31999,4748,19030,15762,27011,12384,20846,51,0,1
0,238680,0,-755,31999,4748,19030,15762,27011,12384,20846,51,0,1
0,238680,0,114,31999,4748,19030,15762,27011,12384,20846,51,0,1
0,238680,0,-396,31999,4748,19030,15762,27011,12384,20846,51,0,1
0,238680,0,-67,31999,4748,19030,15762,27011,12384,20846,51,0,1
0,238680,0,1338,31999,4748,19030,15762,27011,12384,20846,51,0,1
0,665859,0,1733,427408,47130,53574,181155,119786,123194,133618,51,0,1
0,665859,0,-2048,427408,47130,53574,181155,119786,123194,133618,51,0,1
0,665859,0,648,427408,47130,53574,181155,119786,123194,133618,51,0,1
0,665859,0,240,427408,47130,53574,181155,119786,123194,133618,51,0,1
0,665859,0,1073,427408,47130,53574,181155,119786,123194,133618,51,0,1
0,665859,0,-154,427408,47130,53574,181155,119786,123194,133618,51,0,1
0,665859,0,-233,427408,47130,53574,181155,119786,123194,133618,51,0,1
0,665859,0,372,427408,47130,53574,181155,119786,123194,133618,51,0,1
0,665859,0,669,427408,47130,53574,181155,119786,123194,133618,51,0,1
0,665859,0,993,427408,47130,53574,181155,119786,123194,133618,51,0,1
0,774770,0,629,274899,169066,83020,57164,100960,106371,211188,51,0,1
0,774770,0,120,274899,169066,83020,57164,100960,106371,211188,51,0,1
0,774770,0,-867,274899,169066,83020,57164,100960,106371,211188,51,0,1
0,774770,0,-118,274899,169066,83020,57164,100960,106371,211188,51,0,1
0,774770,0,1044,274899,169066,83020,57164,100960,106371,211188,51,0,1
0,774770,0,-2048,274899,169066,83020,57164,100960,106371,211188,51,0,1
0,774770,0,-1564,274899,169066,83020,57164,100960,106371,211188,51,0,1
0,774770,0,54,274899,169066,83020,57164,100960,106371,211188,51,0,1
0,774770,0,-2048,274899,169066,83020,57164,100960,106371,211188,51,0,1
0,774770,0,-1066,274899,169066,83020,57164,100960,106371,211188,51,0,1
0,806413,0,2047,180499,65710,236231,238359,111773,94575,141973,51,0,1
0,806413,0,-769,180499,65710,236231,238359,111773,94575,141973,51,0,1
0,806413,0,-982,180499,65710,236231,238359,111773,94575,141973,51,0,1
0,806413,0,1512,180499,65710,236231,238359,111773,94575,141973,51,0,1
0,806413,0,-344,180499,65710,236231,238359,111773,94575,141973,51,0,1
0,806413,0,-777,180499,65710,236231,238359,111773,94575,141973,51,0,1
0,806413,0,-326,180499,65710,236231,238359,111773,94575,141973,51,0,1
0,806413,0,682,180499,65710,236231,238359,111773,94575,141973,51,0,1
0,806413,0,67,180499,65710,236231,238359,111773,94575,141973,51,0,1
0,806413,0,-1387,180499,65710,236231,238359,111773,94575,141973,51,0,1
0,761504,0,-985,391592,69433,405444,175905,378860,842613,131620,51,0,1
0,761504,0,-349,391592,69433,405444,175905,378860,842613,131620,51,0,1
0,761504,0,-1457,391592,69433,405444,175905,378860,842613,131620,51,0,1
0,761504,0,1516,391592,69433,405444,175905,378860,842613,131620,51,0,1
0,761504,0,2047,391592,69433,405444,175905,378860,842613,131620,51,0,1
0,761504,0,928,391592,69433,405444,175905,378860,842613,131620,51,0,1
0,761504,0,808,391592,69433,405444,175905,378860,842613,131620,51,0,1
0,761504,0,659,391592,69433,405444,175905,378860,842613,131620,51,0,1
0,761504,0,312,391592,69433,405444,175905,378860,842613,131620,51,0,1
0,761504,0,-2048,391592,69433,405444,175905,378860,842613,131620,51,0,1
0,1024970,0,20,183065,287163,43022,114193,127165,116245,106649,51,0,1
0,1024970,0,-2048,183065,287163,43022,114193,127165,116245,106649,51,0,1
0,1024970,0,1058,183065,287163,43022,114193,127165,116245,106649,51,0,1
0,1024970,0,599,183065,287163,43022,114193,127165,116245,106649,51,0,1
0,1024970,0,492,183065,287163,43022,114193,127165,116245,106649,51,0,1
0,1024970,0,1324,183065,287163,43022,114193,127165,116245,106649,51,0,1
0,1024970,0,72,183065,287163,43022,114193,127165,116245,106649,51,0,1
0,1024970,0,-568,183065,287163,43022,114193,127165,116245,106649,51,0,1
0,1024970,0,1328,183065,287163,43022,114193,127165,116245,106649,51,0,1
0,1024970,0,1036,183065,287163,43022,114193,127165,116245,106649,51,0,1
0,809099,0,-2048,184050,249890,49143,222260,62301,149749,58430,51,0,1
0,809099,0,2020,184050,249890,49143,222260,62301,149749,58430,51,0,1
0,809099,0,1430,184050,249890,49143,222260,62301,149749,58430,51,0,1
0,809099,0,394,184050,249890,49143,222260,62301,149749,58430,51,0,1
0,809099,0,971,184050,249890,49143,222260,62301,149749,58430,51,0,1
0,809099,0,989,184050,249890,49143,222260,62301,149749,58430,51,0,1
0,809099,0,627,184050,249890,49143,222260,62301,149749,58430,51,0,1
0,809099,0,1680,184050,249890,49143,222260,62301,149749,58430,51,0,1
0,809099,0,747,184050,249890,49143,222260,62301,149749,58430,51,0,1
0,14908,0,2047,48342,54469,43177,25492,34456,22313,10851,51,0,1
0,14908,0,1228,48342,54469,43177,25492,34456,22313,10851,51,0,1
0,14908,0,-1283,48342,54469,43177,25492,34456,22313,10851,51,0,1
0,14908,0,1752,48342,54469,43177,25492,34456,22313,10851,51,0,1
0,14908,0,-1109,48342,54469,43177,25492,34456,22313,10851,51,0,1
0,14908,0,2047,48342,54469,43177,25492,34456,22313,10851,51,0,1
0,14908,0,596,48342,54469,43177,25492,34456,22313,10851,51,0,1
0,14908,0,443,48342,54469,43177,25492,34456,22313,10851,51,0,1
0,14908,0,167,48342,54469,43177,25492,34456,22313,10851,51,0,1
0,14908,0,-903,48342,54469,43177,25492,34456,22313,10851,51,0,1
0,1254004,0,-587,87427,36277,150607,72177,52359,47791,55692,51,0,1
0,1254004,0,1158,87427,36277,150607,72177,52359,47791,55692,51,0,1
0,1254004,0,-2048,87427,36277,150607,72177,52359,47791,55692,51,0,1
0,1254004,0,2047,87427,36277,150607,72177,52359,47791,55692,51,0,1
0,1254004,0,-1893,87427,36277,150607,72177,52359,47791,55692,51,0,1
0,1254004,0,-2048,87427,36277,150607,72177,52359,47791,55692,51,0,1
0,1254004,0,1188,87427,36277,150607,72177,52359,47791,55692,51,0,1
0,1254004,0,-2048,87427,36277,150607,72177,52359,47791,55692,51,0,1
0,1254004,0,676,87427,36277,150607,72177,52359,47791,55692,51,0,1
0,1254004,0,-61,87427,36277,150607,72177,52359,47791,55692,51,0,1
0,939673,0,-198,299370,174647,203728,61410,164495,140281,65932,51,0,1
0,939673,0,1941,299370,174647,203728,61410,164495,140281,65932,51,0,1
0,939673,0,248,299370,174647,203728,61410,164495,140281,65932,51,0,1
0,939673,0,550,299370,174647,203728,61410,164495,140281,65932,51,0,1
0,939673,0,-530,299370,174647,203728,61410,164495,140281,65932,51,0,1
0,939673,0,-2048,299370,174647,203728,61410,164495,140281,65932,51,0,1
0,939673,0,388,299370,174647,203728,61410,164495,140281,65932,51,0,1
0,939673,0,-10,299370,174647,203728,61410,164495,140281,65932,51,0,1
0,939673,0,658,299370,174647,203728,61410,164495,140281,65932,51,0,1
0,939673,0,-2048,299370,174647,203728,61410,164495,140281,65932,51,0,1
0,1874526,0,-2048,1559725,298145,359963,296115,906525,442340,213805,51,0,1
0,1874526,0,1091,1559725,298145,359963,296115,906525,442340,213805,51,0,1
0,1874526,0,176,1559725,298145,359963,296115,906525,442340,213805,51,0,1
0,1874526,0,-2048,1559725,298145,359963,296115,906525,442340,213805,51,0,1
0,1874526,0,-359,1559725,298145,359963,296115,906525,442340,213805,51,0,1
0,1874526,0,-14,1559725,298145,359963,296115,906525,442340,213805,51,0,1
0,1874526,0,566,1559725,298145,359963,296115,906525,442340,213805,51,0,1
0,1874526,0,-1105,1559725,298145,359963,296115,906525,442340,213805,51,0,1
0,1874526,0,2047,1559725,298145,359963,296115,906525,442340,213805,51,0,1
0,1874526,0,427,1559725,298145,359963,296115,906525,442340,213805,51,0,1
0,1058643,0,2047,229020,102601,102330,155856,68146,78435,88780,51,0,1
0,1058643,0,1554,229020,102601,102330,155856,68146,78435,88780,51,0,1
0,1058643,0,-2048,229020,102601,102330,155856,68146,78435,88780,51,0,1
0,1058643,0,2047,229020,102601,102330,155856,68146,78435,88780,51,0,1
0,1058643,0,-378,229020,102601,102330,155856,68146,78435,88780,51,0,1
0,1058643,0,2047,229020,102601,102330,155856,68146,78435,88780,51,0,1
0,1058643,0,-308,229020,102601,102330,155856,68146,78435,88780,51,0,1
0,1058643,0,2047,229020,102601,102330,155856,68146,78435,88780,51,0,1
0,1058643,0,-2048,229020,102601,102330,155856,68146,78435,88780,51,0,1
0,1058643,0,2047,229020,102601,102330,155856,68146,78435,88780,51,0,1
0,1960886,0,-1160,568194,42665,119645,198392,137293,105823,34679,51,0,1
0,1960886,0,2047,568194,42665,119645,198392,137293,105823,34679,51,0,1
0,1960886,0,2047,568194,42665,119645,198392,137293,105823,34679,51,0,1
0,1960886,0,790,568194,42665,119645,198392,137293,105823,34679,51,0,1
0,1960886,0,706,568194,42665,119645,198392,137293,105823,34679,51,0,1
0,1960886,0,325,568194,42665,119645,198392,137293,105823,34679,51,0,1
0,1960886,0,1396,568194,42665,119645,198392,137293,105823,34679,51,0,1
0,1960886,0,2047,568194,42665,119645,198392,137293,105823,34679,51,0,1
0,1960886,0,-1627,568194,42665,119645,198392,137293,105823,34679,51,0,1
0,1960886,0,-241,568194,42665,119645,198392,137293,105823,34679,51,0,1
0,194996,0,2047,77315,55243,25977,43773,118547,26001,11684,51,0,1
0,194996,0,-2048,77315,55243,25977,43773,118547,26001,11684,51,0,1
0,194996,0,-871,77315,55243,25977,43773,118547,26001,11684,51,0,1
0,194996,0,2047,77315,55243,25977,43773,118547,26001,11684,51,0,1
0,194996,0,-873,77315,55243,25977,43773,118547,26001,11684,51,0,1
0,194996,0,1451,77315,55243,25977,43773,118547,26001,11684,51,0,1
0,194996,0,2047,77315,55243,25977,43773,118547,26001,11684,51,0,1
0,194996,0,-348,77315,55243,25977,43773,118547,26001,11684,51,0,1
0,194996,0,-5,77315,55243,25977,43773,118547,26001,11684,51,0,1
0,194996,0,-1425,77315,55243,25977,43773,118547,26001,11684,51,0,1
0,1848075,0,-218,1354249,346656,272104,502303,480229,677192,491572,51,0,1
0,1848075,0,-1906,1354249,346656,272104,502303,480229,677192,491572,51,0,1
0,1848075,0,-966,1354249,346656,272104,502303,480229,677192,491572,51,0,1
0,1848075,0,-125,1354249,346656,272104,502303,480229,677192,491572,51,0,1
0,1848075,0,-134,1354249,346656,272104,502303,480229,677192,491572,51,0,1
0,1848075,0,2047,1354249,346656,272104,502303,480229,677192,491572,51,0,1
0,1848075,0,-989,1354249,346656,272104,502303,480229,677192,491572,51,0,1
0,1848075,0,2047,1354249,346656,272104,502303,480229,677192,491572,51,0,1
0,1848075,0,-2009,1354249,346656,272104,502303,480229,677192,491572,51,0,1
0,1848075,0,-756,1354249,346656,272104,502303,480229,677192,491572,51,0,1
0,70353,0,-101,25666,50674,42468,23145,43980,13766,12465,51,0,1
0,70353,0,1242,25666,50674,42468,23145,43980,13766,12465,51,0,1
0,70353,0,-305,25666,50674,42468,23145,43980,13766,12465,51,0,1
