,attention,delta,meditation,rawValue,theta,lowAlpha,highAlpha,lowBeta,highBeta,lowGamma,midGamma,poorSignal,blinkStrength,label
80,0,765763,0,-669,1556999,14224,1567765,278115,369322,198522,633715,200,0,2
81,0,765763,0,44,1556999,14224,1567765,278115,369322,198522,633715,200,0,2
82,0,765763,0,981,1556999,14224,1567765,278115,369322,198522,633715,200,0,2
83,0,765763,0,1067,1556999,14224,1567765,278115,369322,198522,633715,200,0,2
84,0,765763,0,746,1556999,14224,1567765,278115,369322,198522,633715,200,0,2
85,0,765763,0,1184,1556999,14224,1567765,278115,369322,198522,633715,200,0,2
86,0,765763,0,-878,1556999,14224,1567765,278115,369322,198522,633715,200,0,2
87,0,765763,0,-907,1556999,14224,1567765,278115,369322,198522,633715,200,0,2
88,0,765763,0,-113,1556999,14224,1567765,278115,369322,198522,633715,200,0,2
89,0,985875,0,53,653492,12041,134141,85253,102721,94358,83723,200,0,2
90,0,985875,0,-780,653492,12041,134141,85253,102721,94358,83723,200,0,2
91,0,985875,0,-1003,653492,12041,134141,85253,102721,94358,83723,200,0,2
92,0,985875,0,-333,653492,12041,134141,85253,102721,94358,83723,200,0,2
93,0,985875,0,452,653492,12041,134141,85253,102721,94358,83723,200,0,2
94,0,985875,0,1137,653492,12041,134141,85253,102721,94358,83723,200,0,2
95,0,985875,0,-235,653492,12041,134141,85253,102721,94358,83723,200,0,2
96,0,985875,0,196,653492,12041,134141,85253,102721,94358,83723,200,0,2
97,0,985875,0,-734,653492,12041,134141,85253,102721,94358,83723,200,0,2
98,0,985875,0,-956,653492,12041,134141,85253,102721,94358,83723,200,0,2
99,0,1374656,0,568,1108134,378654,621185,539157,382966,283712,1409690,200,0,2
100,0,1374656,0,200,1108134,378654,621185,539157,382966,283712,1409690,200,0,2
101,0,1374656,0,-828,1108134,378654,621185,539157,382966,283712,1409690,200,0,2
102,0,1374656,0,-837,1108134,378654,621185,539157,382966,283712,1409690,200,0,2
103,0,1374656,0,-357,1108134,378654,621185,539157,382966,283712,1409690,200,0,2
104,0,1374656,0,576,1108134,378654,621185,539157,382966,283712,1409690,200,0,2
105,0,1374656,0,874,1108134,378654,621185,539157,382966,283712,1409690,200,0,2
106,0,1374656,0,796,1108134,378654,621185,539157,382966,283712,1409690,200,0,2
107,0,1374656,0,12,1108134,378654,621185,539157,382966,283712,1409690,200,0,2
108,0,1374656,0,-828,1108134,378654,621185,539157,382966,283712,1409690,200,0,2
109,0,374547,0,994,243437,276051,82801,125642,137016,219099,128020,200,0,2
110,0,374547,0,931,243437,276051,82801,125642,137016,219099,128020,200,0,2
111,0,374547,0,304,243437,276051,82801,125642,137016,219099,128020,200,0,2
112,0,374547,0,-439,243437,276051,82801,125642,137016,219099,128020,200,0,2
113,0,374547,0,-1086,243437,276051,82801,125642,137016,219099,128020,200,0,2
114,0,374547,0,-555,243437,276051,82801,125642,137016,219099,128020,200,0,2
115,0,374547,0,155,243437,276051,82801,125642,137016,219099,128020,200,0,2
116,0,374547,0,931,243437,276051,82801,125642,137016,219099,128020,200,0,2
117,0,374547,0,1050,243437,276051,82801,125642,137016,219099,128020,200,0,2
118,0,374547,0,-920,243437,276051,82801,125642,137016,219099,128020,200,0,2
119,0,307107,0,521,1148452,20551,66803,191039,95179,77866,178366,200,0,2
120,0,307107,0,1012,1148452,20551,66803,191039,95179,77866,178366,200,0,2
121,0,307107,0,775,1148452,20551,66803,191039,95179,77866,178366,200,0,2
122,0,307107,0,167,1148452,20551,66803,191039,95179,77866,178366,200,0,2
123,0,307107,0,-603,1148452,20551,66803,191039,95179,77866,178366,200,0,2
124,0,307107,0,-1036,1148452,20551,66803,191039,95179,77866,178366,200,0,2
125,0,307107,0,-330,1148452,20551,66803,191039,95179,77866,178366,200,0,2
126,0,307107,0,424,1148452,20551,66803,191039,95179,77866,178366,200,0,2
127,0,307107,0,969,1148452,20551,66803,191039,95179,77866,178366,200,0,2
128,0,888099,0,-795,362881,23654,144875,41106,51221,95064,409728,200,0,2
129,0,888099,0,-548,362881,23654,144875,41106,51221,95064,409728,200,0,2
130,0,888099,0,131,362881,23654,144875,41106,51221,95064,409728,200,0,2
131,0,888099,0,816,362881,23654,144875,41106,51221,95064,409728,200,0,2
132,0,888099,0,960,362881,23654,144875,41106,51221,95064,409728,200,0,2
133,0,888099,0,576,362881,23654,144875,41106,51221,95064,409728,200,0,2
134,0,888099,0,-130,362881,23654,144875,41106,51221,95064,409728,200,0,2
135,0,888099,0,-905,362881,23654,144875,41106,51221,95064,409728,200,0,2
136,0,888099,0,-805,362881,23654,144875,41106,51221,95064,409728,200,0,2
137,0,888099,0,-61,362881,23654,144875,41106,51221,95064,409728,200,0,2
138,0,365436,0,-391,336029,154410,304020,217198,115705,108302,122732,200,0,2
139,0,365436,0,-900,336029,154410,304020,217198,115705,108302,122732,200,0,2
140,0,365436,0,-500,336029,154410,304020,217198,115705,108302,122732,200,0,2
141,0,365436,0,146,336029,154410,304020,217198,115705,108302,122732,200,0,2
142,0,365436,0,922,336029,154410,304020,217198,115705,108302,122732,200,0,2
143,0,365436,0,951,336029,154410,304020,217198,115705,108302,122732,200,0,2
144,0,365436,0,386,336029,154410,304020,217198,115705,108302,122732,200,0,2
145,0,365436,0,914,336029,154410,304020,217198,115705,108302,122732,200,0,2
146,0,365436,0,-888,336029,154410,304020,217198,115705,108302,122732,200,0,2
147,0,365436,0,-665,336029,154410,304020,217198,115705,108302,122732,200,0,2
148,0,386547,0,674,356954,21445,195400,93003,65422,141577,224855,200,0,2
149,0,386547,0,-155,356954,21445,195400,93003,65422,141577,224855,200,0,2
150,0,386547,0,-803,356954,21445,195400,93003,65422,141577,224855,200,0,2
151,0,386547,0,-947,356954,21445,195400,93003,65422,141577,224855,200,0,2
152,0,386547,0,-211,356954,21445,195400,93003,65422,141577,224855,200,0,2
153,0,386547,0,616,356954,21445,195400,93003,65422,141577,224855,200,0,2
154,0,386547,0,1011,356954,21445,195400,93003,65422,141577,224855,200,0,2
155,0,386547,0,572,356954,21445,195400,93003,65422,141577,224855,200,0,2
156,0,386547,0,61,356954,21445,195400,93003,65422,141577,224855,200,0,2
157,0,386547,0,-700,356954,21445,195400,93003,65422,141577,224855,200,0,2
158,0,287562,0,-905,622919,45547,145290,72440,63434,66231,357634,200,0,2
159,0,287562,0,423,622919,45547,145290,72440,63434,66231,357634,200,0,2
160,0,287562,0,-277,622919,45547,145290,72440,63434,66231,357634,200,0,2
161,0,287562,0,-873,622919,45547,145290,72440,63434,66231,357634,200,0,2
162,0,287562,0,-721,622919,45547,145290,72440,63434,66231,357634,200,0,2
163,0,287562,0,-94,622919,45547,145290,72440,63434,66231,357634,200,0,2
164,0,287562,0,-348,622919,45547,145290,72440,63434,66231,357634,200,0,2
165,0,287562,0,971,622919,45547,145290,72440,63434,66231,357634,200,0,2
166,0,287562,0,643,622919,45547,145290,72440,63434,66231,357634,200,0,2
167,0,287562,0,-62,622919,45547,145290,72440,63434,66231,357634,200,0,2
168,0,217511,0,565,857574,43186,103713,91473,51065,100004,228076,200,0,2
169,0,217511,0,988,857574,43186,103713,91473,51065,100004,228076,200,0,2
170,0,217511,0,744,857574,43186,103713,91473,51065,100004,228076,200,0,2
171,0,217511,0,60,857574,43186,103713,91473,51065,100004,228076,200,0,2
172,0,217511,0,-650,857574,43186,103713,91473,51065,100004,228076,200,0,2
173,0,217511,0,-970,857574,43186,103713,91473,51065,100004,228076,200,0,2
174,0,217511,0,-445,857574,43186,103713,91473,51065,100004,228076,200,0,2
175,0,217511,0,381,857574,43186,103713,91473,51065,100004,228076,200,0,2
176,0,217511,0,949,857574,43186,103713,91473,51065,100004,228076,200,0,2
177,0,217511,0,825,857574,43186,103713,91473,51065,100004,228076,200,0,2
178,0,2040467,0,-183,1531058,180912,367168,143436,263431,246273,1498607,200,0,2
179,0,2040467,0,713,1531058,180912,367168,143436,263431,246273,1498607,200,0,2
180,0,2040467,0,994,1531058,180912,367168,143436,263431,246273,1498607,200,0,2
181,0,2040467,0,757,1531058,180912,367168,143436,263431,246273,1498607,200,0,2
182,0,2040467,0,-29,1531058,180912,367168,143436,263431,246273,1498607,200,0,2
183,0,2040467,0,-716,1531058,180912,367168,143436,263431,246273,1498607,200,0,2
184,0,2040467,0,-929,1531058,180912,367168,143436,263431,246273,1498607,200,0,2
185,0,2040467,0,-179,1531058,180912,367168,143436,263431,246273,1498607,200,0,2
186,0,2040467,0,565,1531058,180912,367168,143436,263431,246273,1498607,200,0,2
187,0,2040467,0,1019,1531058,180912,367168,143436,263431,246273,1498607,200,0,2
188,0,123651,0,-948,629264,27592,174656,47969,86711,83390,300133,200,0,2
189,0,123651,0,-551,629264,27592,174656,47969,86711,83390,300133,200,0,2
190,0,123651,0,306,629264,27592,174656,47969,86711,83390,300133,200,0,2
191,0,123651,0,935,629264,27592,174656,47969,86711,83390,300133,200,0,2
192,0,123651,0,919,629264,27592,174656,47969,86711,83390,300133,200,0,2
193,0,123651,0,459,629264,27592,174656,47969,86711,83390,300133,200,0,2
194,0,123651,0,602,629264,27592,174656,47969,86711,83390,300133,200,0,2
195,0,123651,0,-967,629264,27592,174656,47969,86711,83390,300133,200,0,2
196,0,123651,0,-538,629264,27592,174656,47969,86711,83390,300133,200,0,2
197,0,123651,0,184,629264,27592,174656,47969,86711,83390,300133,200,0,2
198,0,571378,0,-859,412775,26235,80632,120304,49448,166469,163186,200,0,2
199,0,571378,0,690,412775,26235,80632,120304,49448,166469,163186,200,0,2
200,0,571378,0,-328,412775,26235,80632,120304,49448,166469,163186,200,0,2
201,0,571378,0,420,412775,26235,80632,120304,49448,166469,163186,200,0,2
202,0,571378,0,323,412775,26235,80632,120304,49448,166469,163186,200,0,2
203,0,571378,0,840,412775,26235,80632,120304,49448,166469,163186,200,0,2
204,0,571378,0,27,412775,26235,80632,120304,49448,166469,163186,200,0,2
205,0,571378,0,945,412775,26235,80632,120304,49448,166469,163186,200,0,2
206,0,571378,0,-970,412775,26235,80632,120304,49448,166469,163186,200,0,2
207,0,571378,0,-441,412775,26235,80632,120304,49448,166469,163186,200,0,2
208,0,681248,0,310,645439,47115,149225,77109,83589,107730,393913,200,0,2
209,0,681248,0,-385,645439,47115,149225,77109,83589,107730,393913,200,0,2
210,0,681248,0,-921,645439,47115,149225,77109,83589,107730,393913,200,0,2
211,0,681248,0,-547,645439,47115,149225,77109,83589,107730,393913,200,0,2
212,0,681248,0,-2,645439,47115,149225,77109,83589,107730,393913,200,0,2
213,0,681248,0,784,645439,47115,149225,77109,83589,107730,393913,200,0,2
214,0,681248,0,967,645439,47115,149225,77109,83589,107730,393913,200,0,2
215,0,681248,0,363,645439,47115,149225,77109,83589,107730,393913,200,0,2
216,0,681248,0,-329,645439,47115,149225,77109,83589,107730,393913,200,0,2
217,0,681248,0,-882,645439,47115,149225,77109,83589,107730,393913,200,0,2
218,0,32071,0,784,62372,16251,18883,44200,42057,23462,107616,200,0,2
219,0,32071,0,133,62372,16251,18883,44200,42057,23462,107616,200,0,2
220,0,32071,0,-578,62372,16251,18883,44200,42057,23462,107616,200,0,2
221,0,32071,0,-1009,62372,16251,18883,44200,42057,23462,107616,200,0,2
222,0,32071,0,-556,62372,16251,18883,44200,42057,23462,107616,200,0,2
223,0,32071,0,256,62372,16251,18883,44200,42057,23462,107616,200,0,2
224,0,32071,0,1035,62372,16251,18883,44200,42057,23462,107616,200,0,2
225,0,32071,0,-78,62372,16251,18883,44200,42057,23462,107616,200,0,2
226,0,32071,0,320,62372,16251,18883,44200,42057,23462,107616,200,0,2
227,0,32071,0,-569,62372,16251,18883,44200,42057,23462,107616,200,0,2
228,0,270356,0,856,559302,21713,165283,101956,59461,92562,439102,200,0,2
229,0,270356,0,1089,559302,21713,165283,101956,59461,92562,439102,200,0,2
230,0,270356,0,426,559302,21713,165283,101956,59461,92562,439102,200,0,2
231,0,270356,0,-235,559302,21713,165283,101956,59461,92562,439102,200,0,2
232,0,270356,0,-952,559302,21713,165283,101956,59461,92562,439102,200,0,2
233,0,270356,0,-866,559302,21713,165283,101956,59461,92562,439102,200,0,2
234,0,270356,0,-788,559302,21713,165283,101956,59461,92562,439102,200,0,2
235,0,270356,0,829,559302,21713,165283,101956,59461,92562,439102,200,0,2
236,0,270356,0,1085,559302,21713,165283,101956,59461,92562,439102,200,0,2
237,0,270356,0,635,559302,21713,165283,101956,59461,92562,439102,200,0,2
238,0,2408677,0,121,702731,64685,243633,352544,576694,283912,1556677,200,0,2
239,0,2408677,0,1010,702731,64685,243633,352544,576694,283912,1556677,200,0,2
240,0,2408677,0,935,702731,64685,243633,352544,576694,283912,1556677,200,0,2
241,0,2408677,0,362,702731,64685,243633,352544,576694,283912,1556677,200,0,2
242,0,2408677,0,-441,702731,64685,243633,352544,576694,283912,1556677,200,0,2
243,0,2408677,0,-962,702731,64685,243633,352544,576694,283912,1556677,200,0,2
244,0,2408677,0,-590,702731,64685,243633,352544,576694,283912,1556677,200,0,2
245,0,2408677,0,151,702731,64685,243633,352544,576694,283912,1556677,200,0,2
246,0,2408677,0,889,702731,64685,243633,352544,576694,283912,1556677,200,0,2
247,0,2408677,0,980,702731,64685,243633,352544,576694,283912,1556677,200,0,2
248,0,798065,0,-709,248661,112088,63936,56548,117842,155035,153439,200,0,2
249,0,798065,0,-33,248661,112088,63936,56548,117842,155035,153439,200,0,2
250,0,798065,0,709,248661,112088,63936,56548,117842,155035,153439,200,0,2
251,0,798065,0,1027,248661,112088,63936,56548,117842,155035,153439,200,0,2
252,0,798065,0,608,248661,112088,63936,56548,117842,155035,153439,200,0,2
253,0,798065,0,117,248661,112088,63936,56548,117842,155035,153439,200,0,2
254,0,798065,0,923,248661,112088,63936,56548,117842,155035,153439,200,0,2
255,0,798065,0,-717,248661,112088,63936,56548,117842,155035,153439,200,0,2
256,0,798065,0,-147,248661,112088,63936,56548,117842,155035,153439,200,0,2
257,0,798065,0,417,248661,112088,63936,56548,117842,155035,153439,200,0,2
258,0,100606,0,-978,38384,22883,75326,37295,31573,90972,32305,200,0,2
259,0,100606,0,-557,38384,22883,75326,37295,31573,90972,32305,200,0,2
260,0,100606,0,85,38384,22883,75326,37295,31573,90972,32305,200,0,2
261,0,100606,0,851,38384,22883,75326,37295,31573,90972,32305,200,0,2
262,0,100606,0,1058,38384,22883,75326,37295,31573,90972,32305,200,0,2
263,0,100606,0,465,38384,22883,75326,37295,31573,90972,32305,200,0,2
264,0,100606,0,-380,38384,22883,75326,37295,31573,90972,32305,200,0,2
265,0,100606,0,-1044,38384,22883,75326,37295,31573,90972,32305,200,0,2
266,0,100606,0,-809,38384,22883,75326,37295,31573,90972,32305,200,0,2
267,0,28411,0,771,37466,7100,43067,32085,25578,20442,121377,200,0,2
268,0,28411,0,-157,37466,7100,43067,32085,25578,20442,121377,200,0,2
269,0,28411,0,-797,37466,7100,43067,32085,25578,20442,121377,200,0,2
270,0,28411,0,-866,37466,7100,43067,32085,25578,20442,121377,200,0,2
271,0,28411,0,-227,37466,7100,43067,32085,25578,20442,121377,200,0,2
272,0,28411,0,513,37466,7100,43067,32085,25578,20442,121377,200,0,2
273,0,28411,0,1111,37466,7100,43067,32085,25578,20442,121377,200,0,2
274,0,28411,0,683,37466,7100,43067,32085,25578,20442,121377,200,0,2
275,0,28411,0,226,37466,7100,43067,32085,25578,20442,121377,200,0,2
276,0,28411,0,-785,37466,7100,43067,32085,25578,20442,121377,200,0,2
277,0,28411,0,-842,37466,7100,43067,32085,25578,20442,121377,200,0,2
278,0,210714,0,396,282106,80416,99910,269156,76906,91599,251008,200,0,2
279,0,210714,0,-273,282106,80416,99910,269156,76906,91599,251008,200,0,2
280,0,210714,0,-885,282106,80416,99910,269156,76906,91599,251008,200,0,2
281,0,210714,0,-678,282106,80416,99910,269156,76906,91599,251008,200,0,2
282,0,210714,0,-9,282106,80416,99910,269156,76906,91599,251008,200,0,2
283,0,210714,0,743,282106,80416,99910,269156,76906,91599,251008,200,0,2
284,0,210714,0,966,282106,80416,99910,269156,76906,91599,251008,200,0,2
285,0,210714,0,472,282106,80416,99910,269156,76906,91599,251008,200,0,2
286,0,210714,0,-251,282106,80416,99910,269156,76906,91599,251008,200,0,2
287,0,108152,0,225,52337,26729,40325,28475,17367,24667,22435,200,0,2
288,0,108152,0,1088,52337,26729,40325,28475,17367,24667,22435,200,0,2
289,0,108152,0,742,52337,26729,40325,28475,17367,24667,22435,200,0,2
290,0,108152,0,-29,52337,26729,40325,28475,17367,24667,22435,200,0,2
291,0,108152,0,-709,52337,26729,40325,28475,17367,24667,22435,200,0,2
292,0,108152,0,-914,52337,26729,40325,28475,17367,24667,22435,200,0,2
293,0,108152,0,-370,52337,26729,40325,28475,17367,24667,22435,200,0,2
294,0,108152,0,532,52337,26729,40325,28475,17367,24667,22435,200,0,2
295,0,108152,0,1011,52337,26729,40325,28475,17367,24667,22435,200,0,2
296,0,108152,0,758,52337,26729,40325,28475,17367,24667,22435,200,0,2
297,0,45685,0,649,347433,39509,59952,269406,121751,50078,456333,200,0,2
298,0,45685,0,823,347433,39509,59952,269406,121751,50078,456333,200,0,2
299,0,45685,0,939,347433,39509,59952,269406,121751,50078,456333,200,0,2
300,0,45685,0,600,347433,39509,59952,269406,121751,50078,456333,200,0,2
301,0,45685,0,-135,347433,39509,59952,269406,121751,50078,456333,200,0,2
302,0,45685,0,-812,347433,39509,59952,269406,121751,50078,456333,200,0,2
303,0,45685,0,-804,347433,39509,59952,269406,121751,50078,456333,200,0,2
304,0,45685,0,-401,347433,39509,59952,269406,121751,50078,456333,200,0,2
305,0,45685,0,667,347433,39509,59952,269406,121751,50078,456333,200,0,2
306,0,45685,0,930,347433,39509,59952,269406,121751,50078,456333,200,0,2
307,0,322854,0,-766,927251,33956,135957,53632,120725,44712,467244,200,0,2
308,0,322854,0,-309,927251,33956,135957,53632,120725,44712,467244,200,0,2
309,0,322854,0,507,927251,33956,135957,53632,120725,44712,467244,200,0,2
310,0,322854,0,1001,927251,33956,135957,53632,120725,44712,467244,200,0,2
311,0,322854,0,829,927251,33956,135957,53632,120725,44712,467244,200,0,2
312,0,322854,0,173,927251,33956,135957,53632,120725,44712,467244,200,0,2
313,0,322854,0,-201,927251,33956,135957,53632,120725,44712,467244,200,0,2
314,0,322854,0,-882,927251,33956,135957,53632,120725,44712,467244,200,0,2
315,0,322854,0,-286,927251,33956,135957,53632,120725,44712,467244,200,0,2
316,0,322854,0,418,927251,33956,135957,53632,120725,44712,467244,200,0,2
317,0,180317,0,-918,810750,71190,243214,51066,55254,60769,335321,200,0,2
318,0,180317,0,-782,810750,71190,243214,51066,55254,60769,335321,200,0,2
319,0,180317,0,-90,810750,71190,243214,51066,55254,60769,335321,200,0,2
320,0,180317,0,579,810750,71190,243214,51066,55254,60769,335321,200,0,2
321,0,180317,0,1009,810750,71190,243214,51066,55254,60769,335321,200,0,2
322,0,180317,0,601,810750,71190,243214,51066,55254,60769,335321,200,0,2
323,0,180317,0,-678,810750,71190,243214,51066,55254,60769,335321,200,0,2
324,0,180317,0,-709,810750,71190,243214,51066,55254,60769,335321,200,0,2
325,0,180317,0,-770,810750,71190,243214,51066,55254,60769,335321,200,0,2
326,0,180317,0,-232,810750,71190,243214,51066,55254,60769,335321,200,0,2
327,0,310853,0,74,523775,9398,90830,91208,54581,71889,198155,200,0,2
328,0,310853,0,-618,523775,9398,90830,91208,54581,71889,198155,200,0,2
329,0,310853,0,-733,523775,9398,90830,91208,54581,71889,198155,200,0,2
330,0,310853,0,-397,523775,9398,90830,91208,54581,71889,198155,200,0,2
331,0,310853,0,323,523775,9398,90830,91208,54581,71889,198155,200,0,2
332,0,310853,0,955,523775,9398,90830,91208,54581,71889,198155,200,0,2
333,0,310853,0,-556,523775,9398,90830,91208,54581,71889,198155,200,0,2
334,0,310853,0,160,523775,9398,90830,91208,54581,71889,198155,200,0,2
335,0,310853,0,-522,523775,9398,90830,91208,54581,71889,198155,200,0,2
336,0,310853,0,-723,523775,9398,90830,91208,54581,71889,198155,200,0,2
337,0,420013,0,443,678016,16612,78894,125523,83161,40423,190127,200,0,2
338,0,420013,0,-81,678016,16612,78894,125523,83161,40423,190127,200,0,2
339,0,420013,0,-695,678016,16612,78894,125523,83161,40423,190127,200,0,2
340,0,420013,0,-762,678016,16612,78894,125523,83161,40423,190127,200,0,2
341,0,420013,0,-213,678016,16612,78894,125523,83161,40423,190127,200,0,2
342,0,420013,0,448,678016,16612,78894,125523,83161,40423,190127,200,0,2
343,0,420013,0,873,678016,16612,78894,125523,83161,40423,190127,200,0,2
344,0,420013,0,551,678016,16612,78894,125523,83161,40423,190127,200,0,2
345,0,420013,0,-113,678016,16612,78894,125523,83161,40423,190127,200,0,2
346,0,420013,0,-643,678016,16612,78894,125523,83161,40423,190127,200,0,2
347,0,609092,0,903,510582,22915,129169,24813,62056,57072,487877,200,0,2
348,0,609092,0,778,510582,22915,129169,24813,62056,57072,487877,200,0,2
349,0,609092,0,227,510582,22915,129169,24813,62056,57072,487877,200,0,2
350,0,609092,0,-546,510582,22915,129169,24813,62056,57072,487877,200,0,2
351,0,609092,0,-861,510582,22915,129169,24813,62056,57072,487877,200,0,2
352,0,609092,0,-514,510582,22915,129169,24813,62056,57072,487877,200,0,2
353,0,609092,0,342,510582,22915,129169,24813,62056,57072,487877,200,0,2
354,0,609092,0,955,510582,22915,129169,24813,62056,57072,487877,200,0,2
355,0,609092,0,955,510582,22915,129169,24813,62056,57072,487877,200,0,2
356,0,609092,0,288,510582,22915,129169,24813,62056,57072,487877,200,0,2
357,0,463803,0,636,291607,54010,206614,39647,37594,75169,221504,200,0,2
358,0,463803,0,932,291607,54010,206614,39647,37594,75169,221504,200,0,2
359,0,463803,0,577,291607,54010,206614,39647,37594,75169,221504,200,0,2
360,0,463803,0,-89,291607,54010,206614,39647,37594,75169,221504,200,0,2
361,0,463803,0,-746,291607,54010,206614,39647,37594,75169,221504,200,0,2
362,0,463803,0,-754,291607,54010,206614,39647,37594,75169,221504,200,0,2
363,0,463803,0,689,291607,54010,206614,39647,37594,75169,221504,200,0,2
364,0,463803,0,545,291607,54010,206614,39647,37594,75169,221504,200,0,2
365,0,463803,0,923,291607,54010,206614,39647,37594,75169,221504,200,0,2
366,0,463803,0,746,291607,54010,206614,39647,37594,75169,221504,200,0,2
367,0,103890,0,-205,86187,2100,55919,20111,18320,16246,47214,200,0,2
368,0,103890,0,89,86187,2100,55919,20111,18320,16246,47214,200,0,2
369,0,103890,0,823,86187,2100,55919,20111,18320,16246,47214,200,0,2
370,0,103890,0,859,86187,2100,55919,20111,18320,16246,47214,200,0,2
371,0,103890,0,216,86187,2100,55919,20111,18320,16246,47214,200,0,2
372,0,103890,0,-372,86187,2100,55919,20111,18320,16246,47214,200,0,2
373,0,103890,0,-785,86187,2100,55919,20111,18320,16246,47214,200,0,2
374,0,103890,0,-302,86187,2100,55919,20111,18320,16246,47214,200,0,2
375,0,103890,0,193,86187,2100,55919,20111,18320,16246,47214,200,0,2
376,0,103890,0,731,86187,2100,55919,20111,18320,16246,47214,200,0,2
377,0,641405,0,-674,246747,157558,68497,39668,57664,98054,245865,200,0,2
378,0,641405,0,-138,246747,157558,68497,39668,57664,98054,245865,200,0,2
379,0,641405,0,489,246747,157558,68497,39668,57664,98054,245865,200,0,2
380,0,641405,0,853,246747,157558,68497,39668,57664,98054,245865,200,0,2
381,0,641405,0,645,246747,157558,68497,39668,57664,98054,245865,200,0,2
382,0,641405,0,-52,246747,157558,68497,39668,57664,98054,245865,200,0,2
383,0,641405,0,-659,246747,157558,68497,39668,57664,98054,245865,200,0,2
384,0,641405,0,-742,246747,157558,68497,39668,57664,98054,245865,200,0,2
385,0,641405,0,-235,246747,157558,68497,39668,57664,98054,245865,200,0,2
386,0,641405,0,257,246747,157558,68497,39668,57664,98054,245865,200,0,2
387,0,354247,0,-561,240670,16658,190536,140102,26729,143168,171522,200,0,2
388,0,354247,0,-775,240670,16658,190536,140102,26729,143168,171522,200,0,2
389,0,354247,0,-406,240670,16658,190536,140102,26729,143168,171522,200,0,2
390,0,354247,0,140,240670,16658,190536,140102,26729,143168,171522,200,0,2
391,0,354247,0,860,240670,16658,190536,140102,26729,143168,171522,200,0,2
392,0,354247,0,946,240670,16658,190536,140102,26729,143168,171522,200,0,2
393,0,354247,0,203,240670,16658,190536,140102,26729,143168,171522,200,0,2
394,0,354247,0,-481,240670,16658,190536,140102,26729,143168,171522,200,0,2
395,0,354247,0,-806,240670,16658,190536,140102,26729,143168,171522,200,0,2
396,0,354247,0,-557,240670,16658,190536,140102,26729,143168,171522,200,0,2
397,0,93104,0,-55,36603,4323,38551,20728,18694,29435,50657,200,0,2
398,0,93104,0,-680,36603,4323,38551,20728,18694,29435,50657,200,0,2
399,0,93104,0,-725,36603,4323,38551,20728,18694,29435,50657,200,0,2
400,0,93104,0,-138,36603,4323,38551,20728,18694,29435,50657,200,0,2
401,0,93104,0,468,36603,4323,38551,20728,18694,29435,50657,200,0,2
402,0,93104,0,994,36603,4323,38551,20728,18694,29435,50657,200,0,2
403,0,93104,0,604,36603,4323,38551,20728,18694,29435,50657,200,0,2
404,0,93104,0,-13,36603,4323,38551,20728,18694,29435,50657,200,0,2
405,0,93104,0,-631,36603,4323,38551,20728,18694,29435,50657,200,0,2
406,0,93104,0,-823,36603,4323,38551,20728,18694,29435,50657,200,0,2
407,0,202800,0,662,330789,61477,158949,39586,63165,52949,349034,200,0,2
408,0,202800,0,260,330789,61477,158949,39586,63165,52949,349034,200,0,2
409,0,202800,0,-452,330789,61477,158949,39586,63165,52949,349034,200,0,2
410,0,202800,0,-810,330789,61477,158949,39586,63165,52949,349034,200,0,2
411,0,202800,0,154,330789,61477,158949,39586,63165,52949,349034,200,0,2
412,0,202800,0,726,330789,61477,158949,39586,63165,52949,349034,200,0,2
413,0,202800,0,900,330789,61477,158949,39586,63165,52949,349034,200,0,2
414,0,202800,0,768,330789,61477,158949,39586,63165,52949,349034,200,0,2
415,0,202800,0,300,330789,61477,158949,39586,63165,52949,349034,200,0,2
416,0,546645,0,471,663917,53631,288468,12857,94481,8350,661081,200,0,2
417,0,546645,0,905,663917,53631,288468,12857,94481,8350,661081,200,0,2
418,0,546645,0,608,663917,53631,288468,12857,94481,8350,661081,200,0,2
419,0,546645,0,-234,663917,53631,288468,12857,94481,8350,661081,200,0,2
420,0,546645,0,-582,663917,53631,288468,12857,94481,8350,661081,200,0,2
421,0,546645,0,-622,663917,53631,288468,12857,94481,8350,661081,200,0,2
422,0,546645,0,-98,663917,53631,288468,12857,94481,8350,661081,200,0,2
423,0,546645,0,393,663917,53631,288468,12857,94481,8350,661081,200,0,2
424,0,546645,0,871,663917,53631,288468,12857,94481,8350,661081,200,0,2
425,0,546645,0,572,663917,53631,288468,12857,94481,8350,661081,200,0,2
426,0,850947,0,-459,461532,49988,104722,65966,126562,28083,223925,200,0,2
427,0,850947,0,153,461532,49988,104722,65966,126562,28083,223925,200,0,2
428,0,850947,0,627,461532,49988,104722,65966,126562,28083,223925,200,0,2
429,0,850947,0,768,461532,49988,104722,65966,126562,28083,223925,200,0,2
430,0,850947,0,310,461532,49988,104722,65966,126562,28083,223925,200,0,2
431,0,850947,0,-312,461532,49988,104722,65966,126562,28083,223925,200,0,2
432,0,850947,0,869,461532,49988,104722,65966,126562,28083,223925,200,0,2
433,0,850947,0,65352,461532,49988,104722,65966,126562,28083,223925,200,0,2
434,0,850947,0,212,461532,49988,104722,65966,126562,28083,223925,200,0,2
435,0,850947,0,785,461532,49988,104722,65966,126562,28083,223925,200,0,2
436,0,850947,0,-505,461532,49988,104722,65966,126562,28083,223925,200,0,2
437,0,136456,0,-195,39268,8956,48573,7132,19176,5518,112934,200,0,2
438,0,136456,0,450,39268,8956,48573,7132,19176,5518,112934,200,0,2
439,0,136456,0,772,39268,8956,48573,7132,19176,5518,112934,200,0,2
440,0,136456,0,620,39268,8956,48573,7132,19176,5518,112934,200,0,2
441,0,136456,0,24,39268,8956,48573,7132,19176,5518,112934,200,0,2
442,0,136456,0,678,39268,8956,48573,7132,19176,5518,112934,200,0,2
443,0,136456,0,-717,39268,8956,48573,7132,19176,5518,112934,200,0,2
444,0,136456,0,-234,39268,8956,48573,7132,19176,5518,112934,200,0,2
445,0,136456,0,295,39268,8956,48573,7132,19176,5518,112934,200,0,2
446,0,465390,0,-398,462912,25597,169093,19967,112515,11402,562677,200,0,2
447,0,465390,0,-747,462912,25597,169093,19967,112515,11402,562677,200,0,2
448,0,465390,0,-244,462912,25597,169093,19967,112515,11402,562677,200,0,2
449,0,465390,0,136,462912,25597,169093,19967,112515,11402,562677,200,0,2
450,0,465390,0,742,462912,25597,169093,19967,112515,11402,562677,200,0,2
451,0,465390,0,683,462912,25597,169093,19967,112515,11402,562677,200,0,2
452,0,465390,0,230,462912,25597,169093,19967,112515,11402,562677,200,0,2
453,0,465390,0,-307,462912,25597,169093,19967,112515,11402,562677,200,0,2
454,0,465390,0,-737,462912,25597,169093,19967,112515,11402,562677,200,0,2
455,0,465390,0,-460,462912,25597,169093,19967,112515,11402,562677,200,0,2
456,0,261424,0,-40,320386,28174,262081,10020,125133,8610,686711,200,0,2
457,0,261424,0,-516,320386,28174,262081,10020,125133,8610,686711,200,0,2
458,0,261424,0,-792,320386,28174,262081,10020,125133,8610,686711,200,0,2
459,0,261424,0,-264,320386,28174,262081,10020,125133,8610,686711,200,0,2
460,0,261424,0,295,320386,28174,262081,10020,125133,8610,686711,200,0,2
461,0,261424,0,810,320386,28174,262081,10020,125133,8610,686711,200,0,2
462,0,261424,0,279,320386,28174,262081,10020,125133,8610,686711,200,0,2
463,0,261424,0,125,320386,28174,262081,10020,125133,8610,686711,200,0,2
464,0,261424,0,-610,320386,28174,262081,10020,125133,8610,686711,200,0,2
465,0,261424,0,-797,320386,28174,262081,10020,125133,8610,686711,200,0,2
466,0,430493,0,760,248068,9780,179387,47836,99497,51614,422771,200,0,2
467,0,430493,0,249,248068,9780,179387,47836,99497,51614,422771,200,0,2
468,0,430493,0,-378,248068,9780,179387,47836,99497,51614,422771,200,0,2
469,0,430493,0,-780,248068,9780,179387,47836,99497,51614,422771,200,0,2
470,0,430493,0,-296,248068,9780,179387,47836,99497,51614,422771,200,0,2
471,0,430493,0,98,248068,9780,179387,47836,99497,51614,422771,200,0,2
472,0,430493,0,785,248068,9780,179387,47836,99497,51614,422771,200,0,2
473,0,430493,0,876,248068,9780,179387,47836,99497,51614,422771,200,0,2
474,0,430493,0,323,248068,9780,179387,47836,99497,51614,422771,200,0,2
475,0,430493,0,-317,248068,9780,179387,47836,99497,51614,422771,200,0,2
476,0,463779,0,913,303012,18497,236687,19326,123755,27149,680867,200,0,2
477,0,463779,0,704,303012,18497,236687,19326,123755,27149,680867,200,0,2
478,0,463779,0,124,303012,18497,236687,19326,123755,27149,680867,200,0,2
479,0,463779,0,-532,303012,18497,236687,19326,123755,27149,680867,200,0,2
480,0,463779,0,-778,303012,18497,236687,19326,123755,27149,680867,200,0,2
481,0,463779,0,-677,303012,18497,236687,19326,123755,27149,680867,200,0,2
482,0,463779,0,246,303012,18497,236687,19326,123755,27149,680867,200,0,2
483,0,463779,0,906,303012,18497,236687,19326,123755,27149,680867,200,0,2
484,0,463779,0,733,303012,18497,236687,19326,123755,27149,680867,200,0,2
485,0,463779,0,216,303012,18497,236687,19326,123755,27149,680867,200,0,2
486,0,137714,0,146,317528,22264,219356,39764,83682,22177,623866,200,0,2
487,0,137714,0,810,317528,22264,219356,39764,83682,22177,623866,200,0,2
488,0,137714,0,900,317528,22264,219356,39764,83682,22177,623866,200,0,2
489,0,137714,0,452,317528,22264,219356,39764,83682,22177,623866,200,0,2
490,0,137714,0,-228,317528,22264,219356,39764,83682,22177,623866,200,0,2
491,0,137714,0,-854,317528,22264,219356,39764,83682,22177,623866,200,0,2
492,0,137714,0,-443,317528,22264,219356,39764,83682,22177,623866,200,0,2
493,0,137714,0,118,317528,22264,219356,39764,83682,22177,623866,200,0,2
494,0,137714,0,775,317528,22264,219356,39764,83682,22177,623866,200,0,2
495,0,137714,0,1365,317528,22264,219356,39764,83682,22177,623866,200,0,2
496,0,313909,0,-102,585751,75810,164674,50599,79822,65990,400412,200,0,2
497,0,313909,0,245,585751,75810,164674,50599,79822,65990,400412,200,0,2
498,0,313909,0,742,585751,75810,164674,50599,79822,65990,400412,200,0,2
499,0,313909,0,744,585751,75810,164674,50599,79822,65990,400412,200,0,2
500,0,313909,0,289,585751,75810,164674,50599,79822,65990,400412,200,0,2
501,0,313909,0,-443,585751,75810,164674,50599,79822,65990,400412,200,0,2
502,0,313909,0,-822,585751,75810,164674,50599,79822,65990,400412,200,0,2
503,0,313909,0,-405,585751,75810,164674,50599,79822,65990,400412,200,0,2
504,0,313909,0,183,585751,75810,164674,50599,79822,65990,400412,200,0,2
505,0,313909,0,758,585751,75810,164674,50599,79822,65990,400412,200,0,2
506,0,353096,0,-888,686182,40001,206566,12036,80328,57842,519167,200,0,2
507,0,353096,0,-563,686182,40001,206566,12036,80328,57842,519167,200,0,2
508,0,353096,0,-105,686182,40001,206566,12036,80328,57842,519167,200,0,2
509,0,353096,0,709,686182,40001,206566,12036,80328,57842,519167,200,0,2
510,0,353096,0,951,686182,40001,206566,12036,80328,57842,519167,200,0,2
511,0,353096,0,680,686182,40001,206566,12036,80328,57842,519167,200,0,2
512,0,353096,0,-322,686182,40001,206566,12036,80328,57842,519167,200,0,2
513,0,353096,0,-888,686182,40001,206566,12036,80328,57842,519167,200,0,2
514,0,353096,0,-682,686182,40001,206566,12036,80328,57842,519167,200,0,2
515,0,353096,0,-78,686182,40001,206566,12036,80328,57842,519167,200,0,2
516,0,354369,0,-645,547765,26264,130397,26742,67516,37810,378744,200,0,2
517,0,354369,0,-852,547765,26264,130397,26742,67516,37810,378744,200,0,2
518,0,354369,0,-466,547765,26264,130397,26742,67516,37810,378744,200,0,2
519,0,354369,0,285,547765,26264,130397,26742,67516,37810,378744,200,0,2
520,0,354369,0,820,547765,26264,130397,26742,67516,37810,378744,200,0,2
521,0,354369,0,870,547765,26264,130397,26742,67516,37810,378744,200,0,2
522,0,354369,0,261,547765,26264,130397,26742,67516,37810,378744,200,0,2
523,0,354369,0,-439,547765,26264,130397,26742,67516,37810,378744,200,0,2
524,0,354369,0,-796,547765,26264,130397,26742,67516,37810,378744,200,0,2
525,0,354369,0,-505,547765,26264,130397,26742,67516,37810,378744,200,0,2
526,0,134922,0,388,360384,28123,190403,87597,46983,31903,336363,200,0,2
527,0,134922,0,-262,360384,28123,190403,87597,46983,31903,336363,200,0,2
528,0,134922,0,-836,360384,28123,190403,87597,46983,31903,336363,200,0,2
529,0,134922,0,-588,360384,28123,190403,87597,46983,31903,336363,200,0,2
530,0,134922,0,42,360384,28123,190403,87597,46983,31903,336363,200,0,2
531,0,134922,0,648,360384,28123,190403,87597,46983,31903,336363,200,0,2
532,0,134922,0,729,360384,28123,190403,87597,46983,31903,336363,200,0,2
533,0,134922,0,649,360384,28123,190403,87597,46983,31903,336363,200,0,2
534,0,134922,0,-13,360384,28123,190403,87597,46983,31903,336363,200,0,2
535,0,134922,0,-919,360384,28123,190403,87597,46983,31903,336363,200,0,2
536,0,75827,0,914,62537,3712,29886,6680,20025,14748,83877,200,0,2
537,0,75827,0,199,62537,3712,29886,6680,20025,14748,83877,200,0,2
538,0,75827,0,-594,62537,3712,29886,6680,20025,14748,83877,200,0,2
539,0,75827,0,-1018,62537,3712,29886,6680,20025,14748,83877,200,0,2
540,0,75827,0,-547,62537,3712,29886,6680,20025,14748,83877,200,0,2
541,0,75827,0,123,62537,3712,29886,6680,20025,14748,83877,200,0,2
542,0,75827,0,790,62537,3712,29886,6680,20025,14748,83877,200,0,2
543,0,75827,0,794,62537,3712,29886,6680,20025,14748,83877,200,0,2
544,0,75827,0,231,62537,3712,29886,6680,20025,14748,83877,200,0,2
545,0,75827,0,-499,62537,3712,29886,6680,20025,14748,83877,200,0,2
546,0,385954,0,676,237702,27728,167884,128696,61479,116012,230786,200,0,2
547,0,385954,0,791,237702,27728,167884,128696,61479,116012,230786,200,0,2
548,0,385954,0,485,237702,27728,167884,128696,61479,116012,230786,200,0,2
549,0,385954,0,-93,237702,27728,167884,128696,61479,116012,230786,200,0,2
550,0,385954,0,-706,237702,27728,167884,128696,61479,116012,230786,200,0,2
551,0,385954,0,-668,237702,27728,167884,128696,61479,116012,230786,200,0,2
552,0,385954,0,-97,237702,27728,167884,128696,61479,116012,230786,200,0,2
553,0,385954,0,620,237702,27728,167884,128696,61479,116012,230786,200,0,2
554,0,385954,0,901,237702,27728,167884,128696,61479,116012,230786,200,0,2
555,0,675623,0,456,418985,15983,239514,19731,78171,40681,444370,200,0,2
556,0,675623,0,179,418985,15983,239514,19731,78171,40681,444370,200,0,2
557,0,675623,0,717,418985,15983,239514,19731,78171,40681,444370,200,0,2
558,0,675623,0,777,418985,15983,239514,19731,78171,40681,444370,200,0,2
559,0,675623,0,422,418985,15983,239514,19731,78171,40681,444370,200,0,2
560,0,675623,0,-362,418985,15983,239514,19731,78171,40681,444370,200,0,2
561,0,675623,0,224,418985,15983,239514,19731,78171,40681,444370,200,0,2
562,0,675623,0,-569,418985,15983,239514,19731,78171,40681,444370,200,0,2
563,0,675623,0,69,418985,15983,239514,19731,78171,40681,444370,200,0,2
564,0,675623,0,739,418985,15983,239514,19731,78171,40681,444370,200,0,2
565,0,191428,0,-787,608639,30493,214216,13977,122279,9877,675862,200,0,2
566,0,191428,0,-584,608639,30493,214216,13977,122279,9877,675862,200,0,2
567,0,191428,0,-82,608639,30493,214216,13977,122279,9877,675862,200,0,2
568,0,191428,0,582,608639,30493,214216,13977,122279,9877,675862,200,0,2
569,0,191428,0,881,608639,30493,214216,13977,122279,9877,675862,200,0,2
570,0,191428,0,599,608639,30493,214216,13977,122279,9877,675862,200,0,2
571,0,191428,0,920,608639,30493,214216,13977,122279,9877,675862,200,0,2
572,0,191428,0,-420,608639,30493,214216,13977,122279,9877,675862,200,0,2
573,0,191428,0,-668,608639,30493,214216,13977,122279,9877,675862,200,0,2
574,0,191428,0,-171,608639,30493,214216,13977,122279,9877,675862,200,0,2
575,0,56289,0,-424,53017,5364,55842,26084,12001,20245,66239,200,0,2
576,0,56289,0,-826,53017,5364,55842,26084,12001,20245,66239,200,0,2
577,0,56289,0,-461,53017,5364,55842,26084,12001,20245,66239,200,0,2
